<?xml version="1.0" encoding="UTF-8" standalone="yes"?>
<!--
    Licensed to the Apache Software Foundation (ASF) under one or more
    contributor license agreements.  See the NOTICE file distributed with
    this work for additional information regarding copyright ownership.
    The ASF licenses this file to You under the Apache License, Version 2.0
    (the "License"); you may not use this file except in compliance with
    the License.  You may obtain a copy of the License at

       http://www.apache.org/licenses/LICENSE-2.0

    Unless required by applicable law or agreed to in writing, software
    distributed under the License is distributed on an "AS IS" BASIS,
    WITHOUT WARRANTIES OR CONDITIONS OF ANY KIND, either express or implied.
    See the License for the specific language governing permissions and
    limitations under the License.
-->

<!-- $Rev: 722654 $ $Date: 2008-12-03 09:46:33 +1100 (Wed, 03 Dec 2008) $ -->

<geronimo-plugin xmlns="http://geronimo.apache.org/xml/ns/plugins-1.3" xmlns:ns2="http://geronimo.apache.org/xml/ns/attributes-1.2">
    <name>Daytrader :: DaCapo Workload</name>
    <category>Daytrader</category>
    <description>Java EE 5.0 Performance Benchmark Sample Application :: DaCapo-Daytrader-WS-Client</description>
    <url>http://www.apache.org/</url>
    <author>Apache Software Foundation</author>
    <license osi-approved="true">The Apache Software License, Version 2.0</license>
    <plugin-artifact>
        <module-id>
            <groupId>org.apache.geronimo.daytrader</groupId>
            <artifactId>daytrader-dacapo</artifactId>
            <version>2.2-SNAPSHOT</version>
            <type>car</type>
        </module-id>
        <geronimo-version>2.1.4</geronimo-version>
        <jvm-version>1.5</jvm-version>
        <jvm-version>1.6</jvm-version>
        <dependency start="true">
            <groupId>org.apache.geronimo.configs</groupId>
            <artifactId>client</artifactId>
            <version>2.2-SNAPSHOT</version>
            <type>car</type>
        </dependency>
        <dependency start="true">
            <groupId>org.apache.geronimo.configs</groupId>
            <artifactId>axis</artifactId>
            <version>2.2-SNAPSHOT</version>
            <type>car</type>
        </dependency>

        <config-xml-content load="false"/>
    </plugin-artifact>
</geronimo-plugin>
